country,continent,total_confirmed,total_deaths,total_recovered,active_cases,serious_or_critical,total_cases_per_1m_population,total_deaths_per_1m_population,total_tests,total_tests_per_1m_population,population,vaccines,total_vaccinations,people_vaccinated,people_fully_vaccinated,daily_vaccinations_raw,daily_vaccinations,total_vaccinations_per_hundred,people_vaccinated_per_hundred,people_fully_vaccinated_per_hundred,daily_vaccinations_per_million,vaccinated_percent,tested_positive
Afghanistan,Asia,66275,2812.0,56035,7428,1124.0,1669,71.0,446456.0,11244.0,39705801,"Oxford/AstraZeneca, Pfizer/BioNTech, Sinopharm/Beijing",590454.0,479372.0,111082.0,0.0,13921.0,1.52,1.23,0.29,358.0,1.4870723801794101,14.84468794237282
Albania,Europe,132209,2444.0,128732,1033,18.0,45986,850.0,696434.0,242239.0,2874990,"Oxford/AstraZeneca, Pfizer/BioNTech, Sinovac, Sputnik V",759043.0,481788.0,277255.0,23655.0,17565.0,26.38,16.74,9.63,6104.0,26.401587483782553,18.98370843468297
Algeria,Africa,126860,3418.0,88346,35096,18.0,2847,77.0,230861.0,5182.0,44554310,Sputnik V,75000.0,0.0,0.0,30.0,3748.0,0.17,0.0,0.0,85.0,0.168333882849942,54.95081455941021
Andorra,Europe,13569,127.0,13234,208,12.0,175367,1641.0,193595.0,2502036.0,77375,"Oxford/AstraZeneca, Pfizer/BioNTech",32317.0,27613.0,4704.0,2829.0,1182.0,41.83,35.74,6.09,15298.0,41.76672051696284,7.00896200831633
Angola,Africa,32441,725.0,26778,4938,11.0,961,21.0,553070.0,16377.0,33770175,Oxford/AstraZeneca,859979.0,663049.0,196930.0,0.0,22570.0,2.62,2.02,0.6,687.0,2.546563646768191,5.865622796391054
Anguilla,North America,109,,107,2,,7208,,21979.0,1453445.0,15122,Oxford/AstraZeneca,13235.0,8811.0,4424.0,1421.0,331.0,88.22,58.73,29.49,22064.0,87.52149186615526,0.4959279312070613
Antigua And Barbuda,North America,1257,42.0,1192,23,2.0,12742,426.0,16700.0,169284.0,98651,Oxford/AstraZeneca,44230.0,32876.0,11354.0,225.0,1129.0,45.17,33.57,11.59,11529.0,44.8348217453447,7.526946107784431
Argentina,South America,3539484,74063.0,3106949,358472,6214.0,77680,1625.0,13187035.0,289410.0,45565172,"Oxford/AstraZeneca, Sinopharm/Beijing, Sputnik V",11676733.0,9084600.0,2592133.0,245445.0,169014.0,25.84,20.1,5.74,3740.0,25.62644337214397,26.84063551814339
Armenia,Asia,221948,4392.0,211057,6499,,74776,1480.0,1060108.0,357157.0,2968187,"Oxford/AstraZeneca, Sinovac, Sputnik V",26562.0,26562.0,0.0,0.0,1217.0,0.9,0.9,0.0,411.0,0.8948897087683492,20.93635742773378
Aruba,North America,10917,107.0,10743,67,14.0,101866,998.0,161649.0,1508342.0,107170,Pfizer/BioNTech,113098.0,62698.0,50400.0,5076.0,2679.0,105.93,58.72,47.21,25092.0,105.53139871232622,6.753521518846389
Australia,Australia/Oceania,30019,910.0,29000,109,1.0,1165,35.0,17881036.0,694053.0,25763214,"Oxford/AstraZeneca, Pfizer/BioNTech",4031539.0,3540220.0,491319.0,124871.0,79809.0,15.81,13.88,1.93,3130.0,15.648431907602834,0.16788177150361983
Austria,Europe,641380,10546.0,622889,7945,236.0,70853,1165.0,38877709.0,4294827.0,9052217,"Johnson&Johnson, Moderna, Oxford/AstraZeneca, Pfizer/BioNTech",4980906.0,3565343.0,1451567.0,109697.0,75129.0,55.3,39.59,16.12,8342.0,55.0241559609099,1.6497371282860316
Azerbaijan,Asia,332454,4860.0,320708,6886,,32528,476.0,3453244.0,337872.0,10220581,"Oxford/AstraZeneca, Sinovac, Sputnik V",2169185.0,1279356.0,889829.0,62296.0,54088.0,21.39,12.62,8.78,5335.0,21.223695600083794,9.62729537791132
Bahamas,North America,11396,222.0,10221,953,8.0,28735,560.0,94058.0,237167.0,396590,Oxford/AstraZeneca,50242.0,44226.0,6016.0,110.0,1187.0,12.78,11.25,1.53,3018.0,12.668498953579263,12.11592846966765
Bahrain,Asia,218047,820.0,194885,22342,186.0,124328,468.0,4489530.0,2559887.0,1753800,"Oxford/AstraZeneca, Pfizer/BioNTech, Sinopharm/Beijing, Sputnik V",1671687.0,905133.0,766554.0,23499.0,20163.0,98.24,53.19,45.05,11850.0,95.31799521040027,4.856789018004112
Bangladesh,Asia,789080,12376.0,730697,46007,1213.0,4749,74.0,5820612.0,35032.0,166150458,Oxford/AstraZeneca,9939018.0,5823245.0,4115773.0,261945.0,196796.0,6.04,3.54,2.5,1195.0,5.981938370582162,13.55665005672943
Barbados,North America,3995,47.0,3922,26,,13887,163.0,166237.0,577836.0,287689,Oxford/AstraZeneca,135082.0,77084.0,57998.0,16939.0,4526.0,47.01,26.82,20.18,15750.0,46.95417621111687,2.403195437838748
Belarus,Europe,386025,2771.0,376453,6801,,40864,293.0,6211780.0,657571.0,9446547,"Sinopharm/Beijing, Sputnik V",710922.0,438620.0,272302.0,0.0,16308.0,7.52,4.64,2.88,1726.0,7.525734006298809,6.214402313024608
Belgium,Europe,1048881,24842.0,935360,88679,544.0,90152,2135.0,13635474.0,1171975.0,11634613,"Johnson&Johnson, Moderna, Oxford/AstraZeneca, Pfizer/BioNTech",6492107.0,4553139.0,2006944.0,161018.0,108459.0,56.02,39.29,17.32,9358.0,55.799939370566086,7.692295845380953
Belize,North America,12764,323.0,12358,83,1.0,31591,799.0,128613.0,318318.0,404039,"Oxford/AstraZeneca, Sinopharm/Beijing",74016.0,63064.0,10952.0,10917.0,2583.0,18.61,15.86,2.75,6496.0,18.319023658607215,9.924346683461236
Benin,Africa,8025,101.0,7893,31,35.0,647,8.0,604310.0,48717.0,12404431,"Oxford/AstraZeneca, Sinovac",12934.0,12516.0,418.0,0.0,250.0,0.11,0.1,0.0,21.0,0.10426919219430542,1.327960814813589
Bermuda,North America,2488,32.0,2383,73,7.0,40082,516.0,261280.0,4209305.0,62072,Pfizer/BioNTech,68822.0,36096.0,32726.0,0.0,773.0,110.52,57.96,52.55,12413.0,110.87446835932467,0.9522351500306185
Bhutan,Asia,1394,1.0,1186,207,,1789,1.0,768998.0,986944.0,779171,Oxford/AstraZeneca,482716.0,482716.0,0.0,97322.0,91636.0,62.56,62.56,0.0,118759.0,61.95251106624862,0.18127485377075103
Bolivia,South America,349653,13965.0,282010,53678,200.0,29595,1182.0,1383371.0,117089.0,11814647,"Oxford/AstraZeneca, Pfizer/BioNTech, Sinopharm/Beijing, Sputnik V",1616658.0,1271262.0,345396.0,87847.0,45065.0,13.85,10.89,2.96,3861.0,13.683506582972813,25.275432259314385
Bosnia And Herzegovina,Europe,203150,9108.0,172005,22037,,62267,2792.0,954240.0,292481.0,3262566,"Oxford/AstraZeneca, Pfizer/BioNTech, Sinovac, Sputnik V",232706.0,188848.0,43858.0,0.0,13677.0,7.09,5.76,1.34,4169.0,7.132606666041393,21.289193494299127
Botswana,Africa,51620,784.0,48449,2387,1.0,21564,328.0,1111863.0,464483.0,2393767,Oxford/AstraZeneca,71500.0,71500.0,0.0,0.0,2692.0,3.04,3.04,0.0,1145.0,2.9869239570935684,4.642658313119512
Brazil,South America,16083573,449185.0,14492167,1142221,8318.0,75190,2100.0,49013934.0,229138.0,213906072,"Oxford/AstraZeneca, Pfizer/BioNTech, Sinovac",66432341.0,44564785.0,21867556.0,3368729.0,1352814.0,31.25,20.97,10.29,6364.0,31.05678131474454,32.81428705559525
British Virgin Islands,North America,248,1.0,209,38,,8155,33.0,39777.0,1308024.0,30410,Oxford/AstraZeneca,15031.0,11255.0,3776.0,0.0,0.0,49.71,37.22,12.49,0.0,49.4278197961197,0.6234758780199613
Brunei Darussalam,Asia,235,3.0,224,8,,533,7.0,123643.0,280236.0,441210,Oxford/AstraZeneca,33850.0,30000.0,5799.0,340.0,1380.0,7.74,6.86,1.33,3154.0,7.672083588313955,0.19006332748315716
Bulgaria,Europe,416646,17496.0,373385,25765,402.0,60369,2535.0,2749884.0,398439.0,6901646,"Johnson&Johnson, Moderna, Oxford/AstraZeneca, Pfizer/BioNTech",1341130.0,796827.0,544303.0,38117.0,27038.0,19.3,11.47,7.83,3891.0,19.432031141556667,15.15140275007964
Burkina Faso,Africa,13415,165.0,13230,20,,627,8.0,186093.0,8692.0,21410701,,,,,,,,,,,,7.208761210792453
Burundi,Africa,4494,6.0,773,3715,,368,,279132.0,22872.0,12204038,,,,,,,,,,,,1.609990972013241
Cabo Verde,Africa,29334,256.0,26842,2236,23.0,52255,456.0,160181.0,285343.0,561363,"Oxford/AstraZeneca, Pfizer/BioNTech",24382.0,21663.0,2719.0,0.0,390.0,4.39,3.9,0.49,701.0,4.3433571503643815,18.313033380987758
Cambodia,Asia,25761,179.0,18359,7223,,1522,11.0,1113752.0,65806.0,16924754,"Oxford/AstraZeneca, Sinopharm/Beijing, Sinovac",4329034.0,2464835.0,1864199.0,109301.0,93628.0,25.89,14.74,11.15,5600.0,25.578120662787775,2.3129924794747843
Cameroon,Africa,77733,1239.0,72226,4268,385.0,2865,46.0,1518411.0,55965.0,27131360,"Oxford/AstraZeneca, Sinopharm/Beijing",64829.0,56583.0,8246.0,400.0,2569.0,0.24,0.21,0.03,97.0,0.23894489623815393,5.119364915032886
Canada,North America,1359180,25231.0,1280155,53794,1344.0,35733,663.0,33979043.0,893317.0,38036939,"Moderna, Oxford/AstraZeneca, Pfizer/BioNTech",22810709.0,20932071.0,1878638.0,488221.0,374185.0,60.44,55.46,4.98,9914.0,59.96988611517872,4.000053797865938
Caribbean Netherlands,North America,1609,17.0,1573,19,,60855,643.0,8550.0,323374.0,26440,,,,,,,,,,,,18.8187134502924
Cayman Islands,North America,574,2.0,554,18,,8643,30.0,94773.0,1427111.0,66409,"Oxford/AstraZeneca, Pfizer/BioNTech",80120.0,43235.0,36885.0,1579.0,1024.0,121.91,65.79,56.12,15581.0,120.64629794154406,0.6056577295221213
Central African Republic,Africa,7079,97.0,6665,317,2.0,1443,20.0,54319.0,11076.0,4904364,"Covaxin, Oxford/AstraZeneca",667.0,667.0,0.0,0.0,0.0,0.01,0.01,0.0,0.0,0.013600132453463896,13.032272317237062
Chad,Africa,4924,173.0,4729,22,,292,10.0,118413.0,7030.0,16842943,,,,,,,,,,,,4.158327210694772
Channel Islands,Europe,4059,86.0,3956,17,,23156,491.0,454413.0,2592350.0,175290,,,,,,,,,,,,0.8932402902205703
Chile,South America,1329918,28518.0,1259080,42320,2980.0,69042,1481.0,14348965.0,744922.0,19262384,"Oxford/AstraZeneca, Pfizer/BioNTech, Sinovac",18222484.0,10323751.0,7898733.0,430027.0,298433.0,95.32,54.01,41.32,15612.0,94.60139513364493,9.268389741002226
China,Asia,90991,4636.0,86030,325,3.0,63,3.0,160000000.0,111163.0,1439323776,"CanSino, Sinopharm/Beijing, Sinopharm/Wuhan, Sinovac",602991000.0,0.0,0.0,20009000.0,17092571.0,41.89,0.0,0.0,11875.0,41.89404844514984,0.05686937500000001
China Hong Kong Sar,Asia,11833,210.0,11553,70,2.0,1567,28.0,14841321.0,1965433.0,7551173,,,,,,,,,,,,0.07973009949720783
China Macao Sar,Asia,50,,49,1,,76,,4483.0,6821.0,657208,,,,,,,,,,,,1.1153245594467989
Colombia,South America,3232456,84724.0,3026277,121455,6582.0,62930,1649.0,16378496.0,318860.0,51365735,"Oxford/AstraZeneca, Pfizer/BioNTech, Sinovac",8842360.0,5646512.0,3195848.0,229124.0,164341.0,17.38,11.1,6.28,3230.0,17.214510801802017,19.73597575748103
Comoros,Africa,3872,146.0,3713,13,,4370,165.0,,,886035,"Covaxin, Oxford/AstraZeneca, Sinopharm/Beijing",80023.0,43140.0,36883.0,0.0,4390.0,9.2,4.96,4.24,5048.0,9.031584531085116,
Congo,Africa,11476,150.0,8208,3118,,2035,27.0,141948.0,25175.0,5638445,"Moderna, Oxford/AstraZeneca, Sinopharm/Beijing, Sputnik V",38268.0,22623.0,15645.0,0.0,852.0,0.69,0.41,0.28,154.0,0.6786977615282228,8.084650717164033
Costa Rica,North America,299219,3765.0,228589,66865,522.0,58264,733.0,1153337.0,224579.0,5135551,"Oxford/AstraZeneca, Pfizer/BioNTech",1457802.0,867517.0,590285.0,0.0,29415.0,28.62,17.03,11.59,5774.0,28.386476933049636,25.943761450469378
Cote D Ivoire,Africa,46942,298.0,46346,298,,1741,11.0,619741.0,22990.0,26957075,Oxford/AstraZeneca,528084.0,528084.0,0.0,28994.0,21777.0,2.0,2.0,0.0,826.0,1.958981083815659,7.574454489859474
Croatia,Europe,353986,7903.0,342202,3881,123.0,86706,1936.0,1970997.0,482777.0,4082624,"Moderna, Oxford/AstraZeneca, Pfizer/BioNTech",1686585.0,1240309.0,446276.0,53059.0,35464.0,41.08,30.21,10.87,8639.0,41.3112988117446,17.959743216250455
Cuba,North America,133053,877.0,125236,6940,136.0,11753,77.0,4150241.0,366615.0,11320441,"Abdala, Soberana02",803958.0,803958.0,0.0,84094.0,96477.0,7.1,7.1,0.0,8518.0,7.101825803429389,3.2059102109973856
Curacao,North America,12271,122.0,12087,62,18.0,74509,741.0,107257.0,651258.0,164692,"Moderna, Pfizer/BioNTech",150319.0,84009.0,66310.0,4693.0,3452.0,91.6,51.19,40.41,21036.0,91.27280013601147,11.44074512619223
Cyprus,Asia,71911,354.0,39061,32496,42.0,59177,291.0,6284278.0,5171428.0,1215192,"Johnson&Johnson, Moderna, Oxford/AstraZeneca, Pfizer/BioNTech",572426.0,381409.0,191017.0,15365.0,12513.0,65.35,43.54,21.81,14286.0,47.105807148170825,1.144300108938529
Cyprus,Asia,71911,354.0,39061,32496,42.0,59177,291.0,6284278.0,5171428.0,1215192,"Oxford/AstraZeneca, Pfizer/BioNTech, Sinovac",572426.0,381409.0,191017.0,15365.0,12513.0,65.35,43.54,21.81,14286.0,47.105807148170825,1.144300108938529
Czech Republic,Europe,1658092,30028.0,1607706,20358,162.0,154576,2799.0,22860689.0,2131192.0,10726714,"Johnson&Johnson, Moderna, Oxford/AstraZeneca, Pfizer/BioNTech",5137762.0,3763943.0,1411837.0,103253.0,77353.0,47.98,35.15,13.18,7223.0,47.896886222565456,7.25302723815542
Democratic Republic Of The Congo,Africa,30863,779.0,27603,2481,,336,8.0,157353.0,1711.0,91969351,Oxford/AstraZeneca,19597.0,19597.0,0.0,0.0,1106.0,0.02,0.02,0.0,12.0,0.021308185593263564,19.61386182659371
Denmark,Europe,273494,2508.0,257387,13599,20.0,47070,432.0,51129032.0,8799572.0,5810400,"Moderna, Pfizer/BioNTech",3264243.0,2033923.0,1230320.0,105750.0,50965.0,56.36,35.11,21.24,8799.0,56.179316398182564,0.5349094033307731
Djibouti,Africa,11493,153.0,11335,5,,11484,153.0,156340.0,156219.0,1000775,"Oxford/AstraZeneca, Sinopharm/Beijing, Sputnik V",14943.0,12547.0,2396.0,0.0,254.0,1.51,1.27,0.24,257.0,1.493142814318903,7.351285659460151
Dominica,North America,184,,176,8,,2550,,16134.0,223630.0,72146,Oxford/AstraZeneca,36449.0,19634.0,16815.0,1226.0,901.0,50.63,27.27,23.36,12515.0,50.521165414576,1.1404487417875295
Dominican Republic,North America,283729,3606.0,235814,44309,324.0,25924,329.0,1512067.0,138154.0,10944778,"Oxford/AstraZeneca, Sinopharm/Beijing, Sinovac",4121584.0,3115252.0,1006332.0,160947.0,109363.0,37.99,28.72,9.28,10081.0,37.65799543855526,18.764314015185835
Ecuador,South America,418851,20193.0,354499,44159,580.0,23424,1129.0,1397765.0,78169.0,17881224,"Oxford/AstraZeneca, Pfizer/BioNTech, Sinovac",2110324.0,1526895.0,583429.0,100735.0,63108.0,11.96,8.65,3.31,3577.0,11.801899019888124,29.96576677767722
Egypt,Africa,253835,14721.0,186678,52436,90.0,2440,141.0,2715258.0,26096.0,104048165,"Oxford/AstraZeneca, Sinopharm/Beijing, Sinovac, Sputnik V",2128164.0,1812826.0,315338.0,97771.0,62025.0,2.08,1.77,0.31,606.0,2.0453642791297666,9.348467070164235
El Salvador,North America,72220,2220.0,67510,2490,22.0,11085,341.0,968755.0,148687.0,6515391,"Oxford/AstraZeneca, Pfizer/BioNTech, Sinovac",1832228.0,1118980.0,713248.0,75346.0,46398.0,28.25,17.25,11.0,7153.0,28.121535606995806,7.454929264881213
Equatorial Guinea,Africa,8436,113.0,7801,522,7.0,5843,78.0,123169.0,85314.0,1443712,Sinopharm/Beijing,219677.0,148079.0,71598.0,0.0,5013.0,15.66,10.55,5.1,3573.0,15.216123437361468,6.849125997613036
Eritrea,Africa,3932,14.0,3711,207,,1095,4.0,23693.0,6600.0,3590075,,,,,,,,,,,,16.595618959186258
Estonia,Europe,128592,1240.0,120886,6466,31.0,96880,934.0,1392617.0,1049185.0,1327332,"Johnson&Johnson, Moderna, Oxford/AstraZeneca, Pfizer/BioNTech",693331.0,463318.0,230013.0,17590.0,9665.0,52.27,34.93,17.34,7286.0,52.23493443991405,9.233838162251358
Ethiopia,Africa,269194,4076.0,228757,36361,495.0,2291,35.0,2687134.0,22872.0,117486892,Oxford/AstraZeneca,1798140.0,1798140.0,0.0,59977.0,35777.0,1.56,1.56,0.0,311.0,1.5305026538620154,10.01788522641595
Faeroe Islands,Europe,676,1.0,668,7,,13788,20.0,263482.0,5374003.0,49029,"Moderna, Pfizer/BioNTech",32440.0,20679.0,11761.0,1022.0,772.0,66.39,42.32,24.07,15799.0,66.16492280079137,0.2565640157581922
Falkland Islands Malvinas,South America,63,,63,0,,17647,,7258.0,2033053.0,3570,Oxford/AstraZeneca,4407.0,2632.0,1775.0,0.0,189.0,126.53,75.57,50.96,54264.0,123.44537815126051,0.8680077156241389
Fiji,Australia/Oceania,235,4.0,134,97,,260,4.0,88294.0,97862.0,902234,Oxford/AstraZeneca,93000.0,93000.0,0.0,28295.0,7236.0,10.37,10.37,0.0,8072.0,10.307747214137352,0.26615625070786236
Finland,Europe,91526,932.0,46000,44594,28.0,16496,168.0,4880241.0,879576.0,5548403,"Moderna, Oxford/AstraZeneca, Pfizer/BioNTech",2916093.0,2436782.0,479311.0,101848.0,51281.0,52.63,43.98,8.65,9255.0,52.55733947227698,1.8754401678113846
France,Europe,5603666,108596.0,5199240,295830,3515.0,85680,1660.0,82691176.0,1264344.0,65402419,"Johnson&Johnson, Moderna, Oxford/AstraZeneca, Pfizer/BioNTech",34939982.0,24603414.0,10567835.0,653122.0,527223.0,51.71,36.41,15.64,7803.0,53.42307292945847,6.77661906755323
French Guiana,South America,22780,112.0,9995,12673,27.0,74557,367.0,246436.0,806562.0,305539,,,,,,,,,,,,9.243779317956792
French Polynesia,Australia/Oceania,18844,141.0,18677,26,1.0,66738,499.0,26355.0,93340.0,282356,Oxford/AstraZeneca,95556.0,55606.0,39950.0,450.0,1523.0,34.02,19.8,14.22,5422.0,33.842383374180116,71.50066401062418
Gabon,Africa,24107,147.0,20976,2984,23.0,10609,65.0,785631.0,345744.0,2272289,Sinopharm/Beijing,17272.0,10670.0,6602.0,0.0,457.0,0.78,0.48,0.3,205.0,0.7601145804957028,3.0684888961866323
Gambia,Africa,5968,175.0,5727,66,3.0,2410,71.0,76379.0,30838.0,2476758,Oxford/AstraZeneca,28590.0,27266.0,1324.0,0.0,1045.0,1.18,1.13,0.05,432.0,1.1543315899252167,7.8136660600426815
Georgia,Asia,337573,4622.0,318599,14352,,84768,1161.0,4751763.0,1193213.0,3982326,Oxford/AstraZeneca,151095.0,130037.0,21058.0,6482.0,4457.0,3.79,3.26,0.53,1117.0,3.7941394049608195,7.104163233730302
Germany,Europe,3654201,87973.0,3408800,157428,3477.0,43490,1047.0,59197639.0,704541.0,84022978,"Johnson&Johnson, Moderna, Oxford/AstraZeneca, Pfizer/BioNTech",49255748.0,35848651.0,14197101.0,1405599.0,805898.0,58.79,42.79,16.94,9619.0,58.62175939538825,6.172883009743007
Ghana,Africa,93620,783.0,91581,1256,7.0,2958,25.0,1143933.0,36145.0,31648450,"Oxford/AstraZeneca, Sputnik V",847871.0,847871.0,0.0,48252.0,34602.0,2.73,2.73,0.0,1114.0,2.6790285148245805,8.184045743937801
Gibraltar,Europe,4288,94.0,4192,2,,127308,2791.0,248832.0,7387685.0,33682,Pfizer/BioNTech,77231.0,39060.0,38171.0,1330.0,1068.0,229.23,115.94,113.3,31700.0,229.29457870672763,1.7232510288065845
Greece,Europe,389804,11772.0,352207,25825,569.0,37562,1134.0,9187642.0,885340.0,10377532,"Johnson&Johnson, Moderna, Oxford/AstraZeneca, Pfizer/BioNTech",5402105.0,3532531.0,1967849.0,114676.0,95306.0,51.83,33.89,18.88,9144.0,52.05577780921321,4.242699051617379
Greenland,North America,34,,32,2,,598,,23980.0,421752.0,56858,Pfizer/BioNTech,20910.0,13361.0,8333.0,1137.0,562.0,36.83,23.53,14.68,9899.0,36.775827500087935,0.14178482068390325
Grenada,North America,161,1.0,160,0,,1425,9.0,28684.0,253868.0,112988,Oxford/AstraZeneca,23553.0,16334.0,7219.0,694.0,475.0,20.93,14.52,6.42,4222.0,20.845576521400503,0.561288523218519
Guadeloupe,North America,16530,221.0,2250,14059,29.0,41306,552.0,201479.0,503465.0,400185,,,,,,,,,,,,8.204328987140098
Guatemala,North America,247454,8000.0,227600,11854,5.0,13589,439.0,1382567.0,75924.0,18209861,"Moderna, Oxford/AstraZeneca",452100.0,397545.0,54555.0,46132.0,16392.0,2.52,2.22,0.3,915.0,2.482720763217248,17.89815611106008
Guinea,Africa,22988,158.0,20699,2131,24.0,1709,12.0,447203.0,33254.0,13448183,Sputnik V,302356.0,218711.0,83645.0,18730.0,9643.0,2.3,1.67,0.64,734.0,2.2483037299537045,5.140394854238455
Guinea Bissau,Africa,3751,68.0,3495,188,9.0,1867,34.0,66687.0,33190.0,2009233,"Oxford/AstraZeneca, Sinopharm/Beijing",5889.0,5889.0,0.0,0.0,0.0,0.3,0.3,0.0,0.0,0.29309691807769434,5.6247844407455725
Guyana,South America,16130,359.0,13745,2026,19.0,20419,454.0,145654.0,184387.0,789937,"Oxford/AstraZeneca, Sputnik V",245614.0,187234.0,58380.0,0.0,5000.0,31.23,23.8,7.42,6357.0,31.09285930396981,11.074189517623958
Haiti,North America,13906,288.0,12507,1111,,1206,25.0,68900.0,5978.0,11526222,,,,,,,,,,,,20.18287373004354
Holy See,Europe,27,,27,0,,33624,,,,803,,,,,,,,,,,,
Honduras,North America,232672,6146.0,83625,142901,496.0,23164,612.0,700725.0,69761.0,10044617,"Johnson&Johnson, Moderna, Oxford/AstraZeneca, Sputnik V",208843.0,136476.0,27585.0,21470.0,9972.0,2.11,1.38,0.28,1007.0,2.07915344109188,33.20446680224053
Hungary,Europe,802088,29519.0,668820,103749,185.0,83218,3063.0,5734447.0,594956.0,9638431,"Moderna, Oxford/AstraZeneca, Pfizer/BioNTech, Sinopharm/Beijing, Sputnik V",8659977.0,5120109.0,3539868.0,187488.0,125911.0,89.64,53.0,36.64,13034.0,89.84840997461102,13.987190046398545
Iceland,Europe,6556,29.0,6478,49,3.0,19102,84.0,635858.0,1852641.0,343217,"Johnson&Johnson, Moderna, Oxford/AstraZeneca, Pfizer/BioNTech",249800.0,171376.0,91893.0,17136.0,5884.0,73.2,50.22,26.93,17242.0,72.7819426193924,1.0310478125619242
India,Asia,26752447,303751.0,23728011,2720685,8944.0,19218,218.0,330536064.0,237439.0,1392086685,"Covaxin, Oxford/AstraZeneca",203166802.0,160605562.0,42561240.0,4265157.0,3659357.0,14.72,11.64,3.08,2652.0,14.594407387784189,8.093654494536487
Indonesia,Asia,1775220,49328.0,1633045,92847,,6430,179.0,16080678.0,58242.0,276098715,"Oxford/AstraZeneca, Sinovac",25782177.0,15546158.0,10236019.0,1104221.0,449308.0,9.43,5.68,3.74,1643.0,9.338028610527942,11.039459903369746
Iran,Asia,2832518,78597.0,2333789,420132,4855.0,33344,925.0,18932896.0,222873.0,84949429,"Covaxin, Oxford/AstraZeneca, Sinopharm/Beijing, Sputnik V",3141577.0,2738504.0,403073.0,71691.0,116028.0,3.74,3.26,0.48,1381.0,3.6981731801870024,14.960827968420679
Iraq,Asia,1167940,16190.0,1081843,69907,474.0,28470,395.0,10121408.0,246726.0,41022924,"Oxford/AstraZeneca, Pfizer/BioNTech, Sinopharm/Beijing",549969.0,453361.0,0.0,9985.0,14352.0,1.37,1.13,0.0,357.0,1.3406382246180208,11.539303622578993
Ireland,Europe,258705,4941.0,240802,12962,43.0,51877,991.0,4729538.0,948395.0,4986884,"Johnson&Johnson, Moderna, Oxford/AstraZeneca, Pfizer/BioNTech",2349207.0,1734234.0,648518.0,56377.0,38150.0,89.06,54.81,34.25,9333.0,47.107712952617305,5.469984594689799
Ireland,Europe,258705,4941.0,240802,12962,43.0,51877,991.0,4729538.0,948395.0,4986884,"Moderna, Oxford/AstraZeneca, Pfizer/BioNTech",2349207.0,1734234.0,648518.0,56377.0,38150.0,89.06,54.81,34.25,9333.0,47.107712952617305,5.469984594689799
Isle Of Man,Europe,1591,29.0,1561,1,1.0,18623,339.0,44761.0,523925.0,85434,"Oxford/AstraZeneca, Pfizer/BioNTech",89077.0,61312.0,27765.0,2140.0,1551.0,104.76,72.1,32.65,18240.0,104.26411030737177,3.5544335470610573
Israel,Asia,839319,6404.0,832405,510,59.0,89998,687.0,14530135.0,1558024.0,9326000,"Moderna, Pfizer/BioNTech",10578111.0,5449566.0,5128545.0,233510.0,184941.0,122.21,62.96,59.25,21367.0,113.42602401887196,5.776401939830566
Italy,Europe,4192183,125225.0,3785866,281092,1410.0,69427,2074.0,64558486.0,1069161.0,60382401,"Johnson&Johnson, Moderna, Oxford/AstraZeneca, Pfizer/BioNTech",33555795.0,22602210.0,11495551.0,567302.0,498041.0,55.5,37.38,19.01,8237.0,55.57214427428946,6.49362037393504
Jamaica,North America,47959,917.0,23986,23056,13.0,16133,308.0,365701.0,123020.0,2972695,Oxford/AstraZeneca,164703.0,150273.0,14430.0,3784.0,13076.0,5.56,5.07,0.49,4416.0,5.540528039371681,13.11426547917561
Japan,Asia,714274,12236.0,634103,67935,1304.0,5663,97.0,13744292.0,108969.0,126130429,Pfizer/BioNTech,11176328.0,8104589.0,3071739.0,688697.0,455133.0,8.84,6.41,2.43,3599.0,8.860929189418677,5.19687736552745
Jordan,Asia,730546,9368.0,710608,10570,637.0,70973,910.0,7118897.0,691603.0,10293333,"Pfizer/BioNTech, Sinopharm/Beijing",1879809.0,1389247.0,490562.0,129809.0,53907.0,18.42,13.62,4.81,5283.0,18.26239372611379,10.262067283737917
Kazakhstan,Asia,375014,4124.0,338730,32160,221.0,19762,217.0,11270949.0,593940.0,18976581,"QazVac, Sinopharm/HayatVax, Sputnik V",3097941.0,2076841.0,1021100.0,425854.0,97997.0,16.5,11.06,5.44,5219.0,16.32507457481408,3.327261972350332
Kenya,Africa,168432,3059.0,114537,50836,121.0,3072,56.0,1781426.0,32495.0,54821816,"Oxford/AstraZeneca, Sputnik V",966433.0,966433.0,0.0,81900.0,39237.0,1.8,1.8,0.0,730.0,1.7628620693630432,9.45489736873718
Kuwait,Asia,299215,1734.0,285118,12363,153.0,69155,401.0,2525643.0,583731.0,4326725,Pfizer/BioNTech,1820000.0,822000.0,38000.0,0.0,40778.0,42.62,19.25,0.89,9549.0,42.064147825433785,11.847082109387589
Kyrgyzstan,Asia,102702,1757.0,96119,4826,86.0,15514,265.0,1094413.0,165323.0,6619844,"Sinopharm/Beijing, Sputnik V",54101.0,37117.0,6010.0,205.0,1610.0,0.83,0.57,0.09,247.0,0.817254908121702,9.384208703661232
Laos,Asia,1801,2.0,1074,725,,244,,233618.0,31701.0,7369437,"Sinopharm/Beijing, Sputnik V",750783.0,614566.0,136217.0,38652.0,21720.0,10.32,8.45,1.87,2985.0,10.187793178773358,0.7709166245751612
Latvia,Europe,130945,2326.0,121123,7496,81.0,70117,1245.0,2578685.0,1380803.0,1867525,"Johnson&Johnson, Moderna, Oxford/AstraZeneca, Pfizer/BioNTech",711106.0,481768.0,243947.0,22186.0,16027.0,37.7,25.54,12.93,8497.0,38.07745545575026,5.077975789985981
Lebanon,Asia,538518,7677.0,508930,21911,238.0,79216,1129.0,4291414.0,631265.0,6798118,"Oxford/AstraZeneca, Pfizer/BioNTech, Sinopharm/Beijing, Sputnik V",737328.0,496596.0,240732.0,33190.0,12757.0,10.8,7.28,3.53,1869.0,10.846060630309742,12.548731024319723
Lesotho,Africa,10822,326.0,6431,4065,,5016,151.0,92169.0,42723.0,2157381,Oxford/AstraZeneca,36759.0,36637.0,122.0,0.0,666.0,1.72,1.71,0.01,311.0,1.703871499749001,11.741474899369637
Liberia,Africa,2142,85.0,2022,35,2.0,415,16.0,102186.0,19792.0,5163061,Oxford/AstraZeneca,55690.0,55690.0,0.0,0.0,1782.0,1.1,1.1,0.0,352.0,1.078623707912806,2.096177558569667
Libya,Africa,183311,3111.0,169945,10255,,26359,447.0,1002701.0,144182.0,6954401,"Johnson&Johnson, Moderna, Oxford/AstraZeneca, Pfizer/BioNTech, Sputnik V",106559.0,106559.0,0.0,0.0,4600.0,1.55,1.55,0.0,669.0,1.532252741824925,18.281721071386187
Liechtenstein,Europe,3000,58.0,2910,32,3.0,78481,1517.0,39109.0,1023099.0,38226,"Moderna, Pfizer/BioNTech",20184.0,12245.0,7939.0,560.0,392.0,52.92,32.11,20.82,10279.0,52.80175796578245,7.670868598020916
Lithuania,Europe,270849,4185.0,247662,19002,160.0,100753,1557.0,3228260.0,1200877.0,2688253,"Johnson&Johnson, Moderna, Oxford/AstraZeneca, Pfizer/BioNTech",1590071.0,1005473.0,584598.0,37650.0,25113.0,58.41,36.93,21.47,9225.0,59.148859872936065,8.38993761345121
Luxembourg,Europe,69607,811.0,67162,1634,17.0,109612,1277.0,2822476.0,4444648.0,635028,"Moderna, Oxford/AstraZeneca, Pfizer/BioNTech",334766.0,225549.0,109217.0,7222.0,6235.0,53.48,36.03,17.45,9960.0,52.7167306008554,2.4661680028457282
Macedonia,Europe,155063,5311.0,146869,2883,25.0,74432,2549.0,776674.0,372810.0,2083298,"Oxford/AstraZeneca, Pfizer/BioNTech, Sinopharm/Beijing, Sputnik V",290829.0,231014.0,59815.0,37065.0,15189.0,13.96,11.09,2.87,7291.0,13.960028762087806,19.965004622273952
Madagascar,Africa,40876,800.0,39255,821,232.0,1443,28.0,199504.0,7044.0,28321604,Oxford/AstraZeneca,21912.0,21912.0,0.0,0.0,2242.0,0.08,0.08,0.0,81.0,0.0773684993265212,20.48881225439089
Malawi,Africa,34284,1153.0,32462,669,9.0,1752,59.0,243176.0,12427.0,19567808,Oxford/AstraZeneca,352607.0,352607.0,0.0,19419.0,13108.0,1.84,1.84,0.0,685.0,1.8019749580535542,14.098430766194031
Malaysia,Asia,512091,2248.0,452821,57022,681.0,15644,69.0,11206334.0,342336.0,32734939,"Oxford/AstraZeneca, Pfizer/BioNTech, Sinovac",2933640.0,1855858.0,1077782.0,250944.0,96843.0,9.06,5.73,3.33,2992.0,8.96180072307451,4.569656767324622
Maldives,Asia,55924,129.0,32322,23473,90.0,101865,235.0,831911.0,1515318.0,549001,"Oxford/AstraZeneca, Pfizer/BioNTech, Sinopharm/Beijing",472694.0,308905.0,163789.0,11474.0,7843.0,87.45,57.15,30.3,14510.0,86.10075391483805,6.722353713317891
Mali,Africa,14241,514.0,9442,4285,,686,25.0,289885.0,13959.0,20766951,Oxford/AstraZeneca,110140.0,83549.0,26591.0,0.0,3363.0,0.54,0.41,0.13,166.0,0.5303619197637631,4.912637770150232
Malta,Europe,30504,417.0,30006,81,,68921,942.0,910953.0,2058223.0,442592,"Johnson&Johnson, Moderna, Oxford/AstraZeneca, Pfizer/BioNTech",505100.0,314030.0,200199.0,8202.0,7557.0,114.4,71.12,45.34,17115.0,114.1231653531921,3.3485811013301454
Marshall Islands,Australia/Oceania,4,,4,0,,67,,,,59546,,,,,,,,,,,,
Martinique,North America,11866,93.0,98,11675,10.0,31642,248.0,174717.0,465906.0,375005,,,,,,,,,,,,6.7915543421647575
Mauritania,Africa,19149,458.0,18266,425,14.0,4025,96.0,258095.0,54246.0,4757897,Sinopharm/Beijing,28382.0,22109.0,6273.0,0.0,977.0,0.61,0.48,0.13,210.0,0.5965240525383378,7.419361087971484
Mauritius,Africa,1293,17.0,1161,115,,1015,13.0,358675.0,281611.0,1273652,"Covaxin, Oxford/AstraZeneca, Sinopharm/Beijing",220646.0,212182.0,8464.0,0.0,3242.0,17.35,16.68,0.67,2549.0,17.323884389142403,0.36049348295810973
Mayotte,Africa,20176,171.0,2964,17041,6.0,72407,614.0,176919.0,634917.0,278649,,,,,,,,,,,,11.40408887683064
Mexico,North America,2396604,221647.0,1914101,260856,4798.0,18416,1703.0,6943110.0,53352.0,130138822,"CanSino, Oxford/AstraZeneca, Pfizer/BioNTech, Sinovac, Sputnik V",29239997.0,20721248.0,12204779.0,921413.0,521701.0,22.68,16.07,9.47,4046.0,22.468312338035457,34.51773052709809
Micronesia,Australia/Oceania,1,,1,0,,9,,,,116096,,,,,,,,,,,,
Moldova,Europe,254676,6075.0,246570,2031,109.0,63264,1509.0,1075720.0,267221.0,4025585,"Oxford/AstraZeneca, Pfizer/BioNTech, Sinopharm/Beijing, Sputnik V",398609.0,328268.0,70341.0,45233.0,15787.0,9.88,8.14,1.74,3914.0,9.901890035858143,23.674933997694566
Monaco,Europe,2501,32.0,2460,9,2.0,63332,810.0,51953.0,1315599.0,39490,Pfizer/BioNTech,30029.0,16502.0,13527.0,0.0,294.0,76.52,42.05,34.47,7492.0,76.0420359584705,4.813966469693762
Mongolia,Asia,53100,253.0,46748,6099,99.0,15969,76.0,2887622.0,868403.0,3325209,"Oxford/AstraZeneca, Pfizer/BioNTech, Sinopharm/Beijing, Sputnik V",2957671.0,1850493.0,1107178.0,189916.0,125462.0,90.22,56.45,33.77,38271.0,88.94692032891767,1.8388833441496153
Montenegro,Europe,99248,1574.0,96608,1066,60.0,158004,2506.0,403862.0,642952.0,628137,"Oxford/AstraZeneca, Pfizer/BioNTech, Sinopharm/Beijing, Sputnik V",191178.0,129071.0,62107.0,20762.0,7897.0,30.44,20.55,9.89,12574.0,30.43571704898772,24.57473097246089
Montserrat,North America,20,1.0,19,0,,4004,200.0,1408.0,281882.0,4995,Oxford/AstraZeneca,2428.0,1342.0,1086.0,0.0,53.0,48.57,26.85,21.72,10602.0,48.60860860860861,1.4204545454545454
Morocco,Africa,517023,9122.0,505228,2673,95.0,13861,245.0,6439348.0,172637.0,37299913,"Oxford/AstraZeneca, Sinopharm/Beijing",14050494.0,8834323.0,5216171.0,457717.0,259446.0,38.07,23.93,14.13,7029.0,37.668972579104945,8.029120339512634
Mozambique,Africa,70590,831.0,69098,661,21.0,2204,26.0,545343.0,17026.0,32030485,"Oxford/AstraZeneca, Sinopharm/Beijing",393105.0,318548.0,74557.0,0.0,7740.0,1.26,1.02,0.24,248.0,1.2272839452790052,12.944147078077467
Myanmar,Asia,143234,3216.0,132194,7824,,2617,59.0,2610747.0,47698.0,54734927,Oxford/AstraZeneca,2994900.0,1772177.0,1222723.0,3800.0,67615.0,5.5,3.26,2.25,1243.0,5.471643362199058,5.486322496971174
Namibia,Africa,52946,765.0,49213,2968,52.0,20508,296.0,421684.0,163331.0,2581773,"Oxford/AstraZeneca, Sinopharm/Beijing",74662.0,66344.0,8318.0,5260.0,2541.0,2.94,2.61,0.33,1000.0,2.891888636220148,12.555847506663758
Nepal,Asia,513241,6346.0,391348,115547,,17338,214.0,2916468.0,98522.0,29602256,"Oxford/AstraZeneca, Sinopharm/Beijing",2761148.0,2113080.0,648068.0,40166.0,44361.0,9.48,7.25,2.22,1523.0,9.32749179657118,17.59803296315955
Netherlands,Europe,1626232,17544.0,1427520,181168,586.0,94721,1022.0,13797380.0,803635.0,17168709,"Johnson&Johnson, Moderna, Oxford/AstraZeneca, Pfizer/BioNTech",8840874.0,6322437.0,2666211.0,0.0,142598.0,51.6,36.9,15.56,8322.0,51.49411059387168,11.786527587121613
New Caledonia,Australia/Oceania,125,,58,67,,434,,32654.0,113405.0,287942,Oxford/AstraZeneca,86639.0,46508.0,40131.0,0.0,1239.0,30.35,16.29,14.06,4340.0,30.08904571059449,0.3828014944570344
New Zealand,Australia/Oceania,2668,26.0,2615,27,,533,5.0,2106971.0,421217.0,5002100,Pfizer/BioNTech,562149.0,371043.0,191106.0,16813.0,12350.0,11.66,7.69,3.96,2561.0,11.238259930829052,0.12662727678738817
Nicaragua,North America,7193,185.0,4225,2783,,1074,28.0,,,6694696,"Oxford/AstraZeneca, Sputnik V",167500.0,167500.0,0.0,0.0,7350.0,2.53,2.53,0.0,1110.0,2.501980672460706,
Niger,Africa,5383,192.0,5034,157,2.0,215,8.0,105124.0,4208.0,24979964,"Oxford/AstraZeneca, Sinopharm/Beijing",159525.0,152582.0,6943.0,0.0,7465.0,0.66,0.63,0.03,308.0,0.6386118090482437,5.120619458924698
Nigeria,Africa,166019,2067.0,156476,7476,11.0,788,10.0,2002653.0,9506.0,210666804,Oxford/AstraZeneca,1984242.0,1950298.0,33944.0,326014.0,68909.0,0.96,0.95,0.02,334.0,0.9418864113018964,8.289953376845615
Norway,Europe,122414,781.0,88952,32681,21.0,22424,143.0,5507549.0,1008891.0,5459014,"Moderna, Pfizer/BioNTech",2598403.0,1631293.0,967110.0,94905.0,36583.0,47.93,30.09,17.84,6748.0,47.598394142238874,2.2226583912371907
Oman,Asia,210364,2265.0,193950,14149,238.0,40287,434.0,1550000.0,296839.0,5221681,"Oxford/AstraZeneca, Pfizer/BioNTech",296894.0,216549.0,80345.0,6747.0,7430.0,5.81,4.24,1.57,1455.0,5.685793521281749,13.571870967741937
Pakistan,Asia,903599,20308.0,820374,62917,4763.0,4021,90.0,12837818.0,57133.0,224699957,"CanSino, Oxford/AstraZeneca, Sinopharm/Beijing, Sinovac, Sputnik V",6130509.0,4693390.0,1513144.0,209820.0,197639.0,2.78,2.12,0.69,895.0,2.7283089333212467,7.038571508024183
Panama,North America,374121,6331.0,361903,5887,105.0,85511,1447.0,2584254.0,590668.0,4375139,"Oxford/AstraZeneca, Pfizer/BioNTech",1001690.0,657687.0,344003.0,32169.0,17785.0,23.22,15.24,7.97,4122.0,22.895044020315698,14.476943829824776
Papua New Guinea,Australia/Oceania,14910,154.0,13801,955,,1639,17.0,110286.0,12123.0,9097502,"Oxford/AstraZeneca, Sinopharm/Beijing",11537.0,11537.0,0.0,0.0,1220.0,0.13,0.13,0.0,136.0,0.1268150312030709,13.51939502747402
Paraguay,South America,332971,8360.0,274920,49691,564.0,46179,1159.0,1237620.0,171641.0,7210500,"Covaxin, Oxford/AstraZeneca, Sinopharm/Beijing, Sinovac, Sputnik V",340338.0,276710.0,63628.0,17910.0,12249.0,4.77,3.88,0.89,1717.0,4.7200332847930095,26.90413858858131
Peru,South America,1925289,68053.0,1720665,136571,2669.0,57677,2039.0,12482876.0,373959.0,33380341,"Oxford/AstraZeneca, Pfizer/BioNTech, Sinopharm/Beijing",3561670.0,2486085.0,1075585.0,141663.0,88757.0,10.8,7.54,3.26,2692.0,10.66996289822204,15.42344088013051
Philippines,Asia,1179812,19951.0,1109226,50635,1819.0,10641,180.0,12998227.0,117229.0,110878477,"Oxford/AstraZeneca, Pfizer/BioNTech, Sinovac, Sputnik V",4495375.0,3466314.0,1029061.0,189800.0,171375.0,4.1,3.16,0.94,1564.0,4.054326070874873,9.076714847340334
Poland,Europe,2865622,72928.0,2624724,167970,1138.0,75791,1929.0,15506202.0,410113.0,37809584,"Johnson&Johnson, Moderna, Oxford/AstraZeneca, Pfizer/BioNTech",19525032.0,13451439.0,6562897.0,419521.0,302176.0,51.59,35.54,17.34,7984.0,51.64043063790387,18.48048929067221
Portugal,Europe,845224,17017.0,805692,22515,58.0,83108,1673.0,11431350.0,1124011.0,10170139,"Johnson&Johnson, Moderna, Oxford/AstraZeneca, Pfizer/BioNTech",5504849.0,3760060.0,1744766.0,129850.0,88264.0,53.99,36.88,17.11,8656.0,54.12756895456394,7.393912355058677
Qatar,Asia,215443,544.0,210942,3957,150.0,76730,194.0,1995242.0,710606.0,2807805,"Moderna, Pfizer/BioNTech",2475837.0,1420090.0,1055747.0,42809.0,37344.0,85.93,49.29,36.64,12962.0,88.17695673310646,10.797838056736978
Reunion,Africa,23566,176.0,21709,1681,31.0,26155,195.0,102720.0,114006.0,901007,,,,,,,,,,,,22.94197819314642
Romania,Europe,1075543,29941.0,1032888,12714,590.0,56244,1566.0,8865980.0,463632.0,19122895,"Johnson&Johnson, Moderna, Oxford/AstraZeneca, Pfizer/BioNTech",7663368.0,4257317.0,3509016.0,119021.0,106652.0,39.84,22.13,18.24,5544.0,40.07430883242312,12.131123688526255
Russia,Europe,5001505,118482.0,4617762,265261,2300.0,34259,812.0,135700000.0,929514.0,145990337,"EpiVacCorona, Sputnik V",28112894.0,16331436.0,11781458.0,951663.0,392708.0,19.26,11.19,8.07,2691.0,19.256681351451363,3.6857074428887246
Rwanda,Africa,26688,349.0,25097,1242,2.0,2016,26.0,1406017.0,106221.0,13236715,"Moderna, Oxford/AstraZeneca, Pfizer/BioNTech",400096.0,350400.0,49696.0,83842.0,24860.0,3.09,2.71,0.38,1919.0,3.022623060177695,1.8981278320247905
Saint Barthelemy,North America,1005,1.0,462,542,,101474,101.0,26385.0,2664075.0,9904,,,,,,,,,,,,3.8089823763501993
Saint Helena,Africa,2,,2,0,,328,,,,6093,Oxford/AstraZeneca,7091.0,3563.0,3528.0,0.0,97.0,116.8,58.69,58.11,15978.0,116.37945182996883,
Saint Kitts And Nevis,North America,50,,45,5,,934,,14423.0,269418.0,53534,Oxford/AstraZeneca,25347.0,18425.0,6922.0,299.0,753.0,47.65,34.64,13.01,14156.0,47.3474801061008,0.34666851556541634
Saint Lucia,North America,4945,77.0,4626,242,1.0,26820,418.0,44255.0,240026.0,184376,Oxford/AstraZeneca,45986.0,27709.0,18277.0,506.0,1912.0,25.04,15.09,9.95,10412.0,24.941424046513646,11.173878657778783
Saint Martin,North America,1915,12.0,1399,504,7.0,48787,306.0,27588.0,702843.0,39252,,,,,,,,,,,,6.941423807452515
Saint Pierre And Miquelon,North America,25,,25,0,,4334,,5736.0,994280.0,5769,,,,,,,,,,,,0.43584379358437936
Saint Vincent And The Grenadines,North America,1973,12.0,1827,134,2.0,17734,108.0,48004.0,431481.0,111254,Oxford/AstraZeneca,19463.0,18417.0,0.0,524.0,242.0,17.54,16.6,0.0,2181.0,17.494202455642043,4.110074160486627
Samoa,Australia/Oceania,3,,3,0,,15,,,,199589,Oxford/AstraZeneca,28443.0,28443.0,0.0,0.0,1229.0,14.34,14.34,0.0,6194.0,14.25078536392286,
San Marino,Europe,5087,90.0,4974,23,4.0,149640,2647.0,64241.0,1889719.0,33995,"Pfizer/BioNTech, Sputnik V",42476.0,21537.0,20939.0,990.0,725.0,125.16,63.46,61.7,21362.0,124.94778643918222,7.918618950514469
Sao Tome And Principe,Africa,2338,37.0,2284,17,,10495,166.0,13418.0,60232.0,222773,Oxford/AstraZeneca,14509.0,12374.0,2135.0,0.0,823.0,6.62,5.65,0.97,3755.0,6.512907758121496,17.42435534356834
Saudi Arabia,Asia,440914,7249.0,424690,8975,1344.0,12492,205.0,18526414.0,524890.0,35295803,"Oxford/AstraZeneca, Pfizer/BioNTech",13723119.0,0.0,0.0,311070.0,204165.0,39.42,0.0,0.0,5864.0,38.880313900210744,2.3799209064420133
Senegal,Africa,41090,1132.0,39758,200,9.0,2398,66.0,507483.0,29617.0,17134692,"Oxford/AstraZeneca, Sinopharm/Beijing",513332.0,444007.0,69325.0,17437.0,11143.0,3.07,2.65,0.41,665.0,2.9958635964976787,8.096822947763767
Serbia,Europe,709939,6777.0,687707,15455,66.0,81547,778.0,4077396.0,468348.0,8705910,"Oxford/AstraZeneca, Pfizer/BioNTech, Sinopharm/Beijing, Sputnik V",4437750.0,2472221.0,1965529.0,69995.0,64449.0,65.22,36.33,28.89,9471.0,50.973993528534066,17.411578370116615
Seychelles,Africa,9764,35.0,7826,1903,,98736,354.0,21504.0,217454.0,98890,"Oxford/AstraZeneca, Sinopharm/Beijing",134475.0,70446.0,64029.0,3758.0,2401.0,136.74,71.64,65.11,24415.0,135.98442714126807,45.405505952380956
Sierra Leone,Africa,4121,79.0,3113,929,,507,10.0,153257.0,18872.0,8120945,Oxford/AstraZeneca,64966.0,58250.0,6716.0,6053.0,3169.0,0.81,0.73,0.08,397.0,0.7999807904129383,2.688947323776402
Singapore,Asia,61824,32.0,61294,498,3.0,10494,5.0,11064019.0,1878014.0,5891340,"Moderna, Pfizer/BioNTech",3728869.0,2112450.0,1616419.0,37092.0,49283.0,63.74,36.11,27.63,8424.0,63.29407231631513,0.5587842898679043
Sint Maarten,North America,2366,27.0,2250,89,2.0,54631,623.0,28642.0,661341.0,43309,"Moderna, Oxford/AstraZeneca, Pfizer/BioNTech",27285.0,15906.0,11379.0,0.0,212.0,63.63,37.09,26.54,4944.0,63.00076196633494,8.260596327072133
Slovakia,Europe,388835,12292.0,373183,3360,125.0,71189,2250.0,2798074.0,512280.0,5462003,Pfizer/BioNTech,2469383.0,1677653.0,791730.0,47798.0,36042.0,45.23,30.73,14.5,6602.0,45.210209514714656,13.896523108395275
Slovenia,Europe,251690,4353.0,241735,5602,96.0,121052,2094.0,1255096.0,603646.0,2079193,"Oxford/AstraZeneca, Pfizer/BioNTech",1034929.0,653310.0,381619.0,30478.0,16976.0,49.78,31.43,18.36,8166.0,49.77551386523522,20.053446110895106
Solomon Islands,Australia/Oceania,20,,20,0,,28,,4500.0,6412.0,701811,Oxford/AstraZeneca,16581.0,13102.0,3479.0,0.0,722.0,2.41,1.91,0.51,1051.0,2.362601897091952,0.4444444444444444
Somalia,Africa,14632,767.0,6685,7180,,898,47.0,127435.0,7825.0,16285695,"Oxford/AstraZeneca, Sinopharm/Beijing, Sinovac",125582.0,125582.0,0.0,377.0,400.0,0.79,0.79,0.0,25.0,0.7711184570262429,11.481931965315653
South Africa,Africa,1635465,55802.0,1539395,40268,546.0,27270,930.0,11354930.0,189331.0,59974013,"Johnson&Johnson, Pfizer/BioNTech",700904.0,642946.0,480665.0,49276.0,25966.0,1.18,1.08,0.81,438.0,1.1686795079061993,14.403127099858828
South Korea,Asia,136467,1934.0,126427,8106,144.0,2660,38.0,9553613.0,186199.0,51308579,"Oxford/AstraZeneca, Pfizer/BioNTech",7367683.0,5233963.0,2133720.0,713734.0,267512.0,14.37,10.21,4.16,5218.0,14.359553789240586,1.428433410480412
South Sudan,Africa,10652,115.0,10462,75,,942,10.0,159088.0,14065.0,11310525,Oxford/AstraZeneca,8606.0,8606.0,0.0,0.0,270.0,0.08,0.08,0.0,24.0,0.07608842206705702,6.695665292165343
Spain,Europe,3636453,79620.0,3356272,200561,1655.0,77750,1702.0,48928535.0,1046131.0,46770949,"Johnson&Johnson, Moderna, Oxford/AstraZeneca, Pfizer/BioNTech",26133689.0,17707320.0,8804363.0,611767.0,390264.0,55.9,37.87,18.83,8347.0,55.87590065790625,7.43217224877058
Sri Lanka,Asia,164201,1210.0,128607,34384,,7640,56.0,3277624.0,152495.0,21493336,"Oxford/AstraZeneca, Sinopharm/Beijing, Sputnik V",1833048.0,1488651.0,344397.0,89592.0,68884.0,8.56,6.95,1.61,3217.0,8.52844807339354,5.009757067924814
State Of Palestine,Asia,305201,3459.0,297201,4541,59.0,58619,664.0,1800908.0,345893.0,5206551,,,,,,,,,,,,16.94706225970455
Sudan,Africa,35189,2568.0,27949,4672,,786,57.0,232965.0,5205.0,44756902,"Oxford/AstraZeneca, Pfizer/BioNTech, Sinopharm/Beijing, Sinovac",290500.0,204838.0,85662.0,20715.0,9392.0,0.66,0.47,0.2,214.0,0.6490619033462147,15.10484407529028
Suriname,South America,13111,249.0,10785,2077,32.0,22173,421.0,58861.0,99543.0,591314,Oxford/AstraZeneca,80716.0,67472.0,13244.0,7431.0,3036.0,13.76,11.5,2.26,5175.0,13.650277179298985,22.274511136406108
Swaziland,Africa,18551,672.0,17833,46,3.0,15844,574.0,204816.0,174928.0,1170860,,,,,,,,,,,,9.057397859542224
Sweden,Europe,1058341,14366.0,929372,114603,253.0,104215,1415.0,9762557.0,961316.0,10155405,"Oxford/AstraZeneca, Pfizer/BioNTech",4996809.0,3640423.0,1356386.0,89002.0,64763.0,49.48,36.05,13.43,6413.0,49.203443880377,10.840817625955987
Switzerland,Europe,687353,10776.0,631406,45171,151.0,78906,1237.0,7460843.0,856482.0,8711028,"Moderna, Pfizer/BioNTech",4521540.0,2906974.0,1614566.0,113337.0,79458.0,52.24,33.59,18.66,9181.0,51.90592889840326,9.212806113196592
Syria,Asia,24117,1734.0,21549,834,,1349,97.0,103566.0,5793.0,17877429,Sputnik V,2500.0,2500.0,0.0,0.0,66.0,0.01,0.01,0.0,4.0,0.01398411371120534,23.286599849371413
Taiwan,Asia,4322,23.0,1133,3166,,181,,610865.0,25607.0,23855252,Oxford/AstraZeneca,378277.0,32389.0,0.0,44561.0,19274.0,1.59,0.14,0.0,809.0,1.5857178955812332,0.7075213017606181
Tajikistan,Asia,13308,90.0,13218,0,,1368,9.0,,,9727619,Oxford/AstraZeneca,74403.0,74403.0,0.0,0.0,294.0,0.78,0.78,0.0,31.0,0.7648634264972755,
Tanzania,Africa,509,21.0,183,305,7.0,8,,,,61239899,,,,,,,,,,,,
Thailand,Asia,132213,806.0,86100,45307,1258.0,1890,12.0,8124896.0,116142.0,69956283,"Oxford/AstraZeneca, Sinovac",3504125.0,2415903.0,1088222.0,163293.0,101178.0,5.02,3.46,1.56,1450.0,5.009021133955902,1.6272577519761484
Timor Leste,Asia,5637,13.0,3082,2542,,4204,10.0,88932.0,66331.0,1340740,Oxford/AstraZeneca,63753.0,63752.0,1.0,0.0,1981.0,4.84,4.84,0.0,1503.0,4.755060638155049,6.338550802860612
Togo,Africa,13374,125.0,12278,971,,1583,15.0,328704.0,38897.0,8450733,Oxford/AstraZeneca,304630.0,276000.0,28630.0,0.0,10229.0,3.68,3.33,0.35,1236.0,3.6047760590708524,4.0687061915887845
Trinidad And Tobago,North America,20017,375.0,11480,8162,21.0,14262,267.0,165776.0,118113.0,1403532,Oxford/AstraZeneca,86079.0,84900.0,1179.0,7196.0,3408.0,6.15,6.07,0.08,2435.0,6.1330272483990385,12.074727342920568
Tunisia,Africa,335345,12236.0,295789,27320,445.0,28112,1026.0,1430192.0,119895.0,11928725,"Pfizer/BioNTech, Sinovac, Sputnik V",875808.0,597677.0,278131.0,29416.0,27885.0,7.41,5.06,2.35,2359.0,7.342008471148426,23.44755109803439
Turkey,Asia,5186487,46268.0,5024313,115906,1843.0,60912,543.0,52377678.0,615144.0,85147010,"Pfizer/BioNTech, Sinovac",28730177.0,16452864.0,12277313.0,671693.0,435596.0,34.07,19.51,14.56,5165.0,33.7418507120802,9.902094170726699
Turks And Caicos Islands,North America,2408,17.0,2379,12,2.0,61455,434.0,76225.0,1945359.0,39183,Pfizer/BioNTech,30760.0,20760.0,10000.0,0.0,312.0,79.45,53.62,25.83,8058.0,78.50343261108134,3.1590685470646114
UK,Europe,4462538,127721.0,4301451,33366,123.0,65429,1873.0,174655862.0,2560786.0,68204010,"Moderna, Oxford/AstraZeneca, Pfizer/BioNTech",63349252.0,38871200.0,24478052.0,844285.0,602266.0,93.32,57.26,36.06,8872.0,92.88200503166895,2.5550462199774318
USA,North America,33896660,604087.0,27502255,5790318,6980.0,101873,1816.0,473304856.0,1422476.0,332733197,"Johnson&Johnson, Moderna, Pfizer/BioNTech",292099778.0,166388129.0,133532544.0,4629928.0,3384387.0,87.34,49.75,39.93,10120.0,87.78798768311657,7.161697069087328
Uganda,Africa,43734,356.0,42880,498,24.0,930,8.0,1079370.0,22957.0,47017963,Oxford/AstraZeneca,541569.0,565163.0,4129.0,22763.0,11033.0,1.18,1.24,0.01,241.0,1.1518342468388094,4.051807999110593
Ukraine,Europe,2183855,49436.0,1957561,176858,177.0,50205,1136.0,10022457.0,230408.0,43498771,"Oxford/AstraZeneca, Pfizer/BioNTech, Sinovac",1132821.0,1008857.0,123964.0,73376.0,32881.0,2.59,2.31,0.28,752.0,2.6042597847189755,21.78961705697515
United Arab Emirates,Asia,556107,1651.0,536050,18406,,55629,165.0,48607275.0,4862312.0,9996742,"Oxford/AstraZeneca, Pfizer/BioNTech, Sinopharm/Beijing, Sinopharm/Wuhan, Sputnik V",12646025.0,5081853.0,3836521.0,220000.0,155312.0,127.86,51.38,38.79,15703.0,126.50146417702888,1.1440818272573396
Uruguay,South America,265098,3871.0,227531,33696,495.0,76080,1111.0,2113069.0,606425.0,3484471,"Oxford/AstraZeneca, Pfizer/BioNTech, Sinovac",2744187.0,1744957.0,999230.0,73597.0,47576.0,79.0,50.23,28.77,13696.0,78.7547665054466,12.545638594858946
Uzbekistan,Asia,98657,680.0,94143,3834,23.0,2910,20.0,1377915.0,40646.0,33900519,"Oxford/AstraZeneca, RBD-Dimer, Sputnik V",1642744.0,1199354.0,443390.0,78652.0,47408.0,4.91,3.58,1.32,1416.0,4.845778319795045,7.15987560916312
Vanuatu,Australia/Oceania,4,1.0,3,0,,13,3.0,23000.0,73363.0,313508,,,,,,,,,,,,0.017391304347826087
Venezuela,South America,223345,2513.0,206921,13911,316.0,7874,89.0,3359014.0,118426.0,28363937,Sputnik V,316000.0,316000.0,0.0,0.0,15200.0,1.11,1.11,0.0,535.0,1.114090755454717,6.649123820263923
Viet Nam,Asia,5308,43.0,2721,2544,,54,,3091540.0,31508.0,98118710,Oxford/AstraZeneca,1034867.0,1005906.0,28961.0,106846.0,54895.0,1.06,1.03,0.03,564.0,1.054709137533504,0.1716943659147221
Wallis And Futuna Islands,Australia/Oceania,445,7.0,438,0,1.0,40228,633.0,18986.0,1716326.0,11062,Oxford/AstraZeneca,8283.0,4352.0,3931.0,0.0,343.0,73.65,38.7,34.95,30500.0,74.87796058578918,2.343832297482355
Western Sahara,Africa,10,1.0,8,1,,16,2.0,,,610353,,,,,,,,,,,,
Yemen,Asia,6658,1307.0,3245,2106,23.0,219,43.0,57977.0,1907.0,30408590,Oxford/AstraZeneca,18555.0,18555.0,0.0,0.0,0.0,0.06,0.06,0.0,0.0,0.061018942344909774,11.483864291011953
Zambia,Africa,93201,1268.0,91156,777,51.0,4947,67.0,1511541.0,80232.0,18839654,"Oxford/AstraZeneca, Sinopharm/Beijing",146645.0,141359.0,5286.0,7417.0,5680.0,0.8,0.77,0.03,309.0,0.7783847834997394,6.165959110603021
Zimbabwe,Africa,38682,1586.0,36453,643,1.0,2569,105.0,459484.0,30520.0,15055310,Sinopharm/Beijing,976796.0,656630.0,320166.0,33407.0,22863.0,6.57,4.42,2.15,1538.0,6.488049731290821,8.418573878524606
